feature,importance
nst,0.2722691710847031
magNst,0.17681192752442879
gap,0.1573987171099359
M_Mb,0.06860654834324875
data_quality_index,0.06404562881730227
depth,0.05013536325542539
depthError,0.04609415862796464
depth_rms,0.040638891240077565
rms,0.030403380994981678
longitude,0.025777236961884848
latitude,0.023951522989538662
month,0.01393626100958308
day,0.012973061077876468
hour,0.011575647698741538
M_Ms,0.003128901878701318
M_ML,0.0022535813856060043
